c17	1	proba80	9344
c17	1	proba50	5039
c17	1	proba14	2866
c17	1	proba02	2643
c17	1	bell_s10	3227
c17	1	bell_s30	2446
c17	1	bell_s80	2951
c17	1	uniform	4114
c17	1	english	3246
c17	1	zipfian	2669
c17	1	sparse_4	49374
c17	1	sparse_16	46295
c17	1	geometric	5020
c17	1	two_sym_eq	25955
c17	1	two_sym_90/10	25827
c17	1	flat_M3	23289
c17	1	flat_M5	27594
c17	1	flat_M6	21291
c17	1	flat_M7	5086
c17	1	html_wiki	2481
c17	1	prose_pride	2635
c17	1	image_jpeg	2843
c17	1	json_api	2602
c17	1	source_c	2918
c17	1	log_apache	2547
c17	1	dna_fasta	3843
c17	1	csv_numeric	3571
c17	1	gzip_random	4113
c17	1	chinese_text	2633
c22	1	proba80	9610
c22	1	proba50	5103
c22	1	proba14	2821
c22	1	proba02	2605
c22	1	bell_s10	3117
c22	1	bell_s30	2406
c22	1	bell_s80	2932
c22	1	uniform	4167
c22	1	english	3326
c22	1	zipfian	2662
c22	1	sparse_4	54792
c22	1	sparse_16	53227
c22	1	geometric	5097
c22	1	two_sym_eq	26371
c22	1	two_sym_90/10	26206
c22	1	flat_M3	28178
c22	1	flat_M5	28206
c22	1	flat_M6	23173
c22	1	flat_M7	5073
c22	1	html_wiki	2427
c22	1	prose_pride	2643
c22	1	image_jpeg	2824
c22	1	json_api	2618
c22	1	source_c	2893
c22	1	log_apache	2535
c22	1	dna_fasta	3814
c22	1	csv_numeric	3571
c22	1	gzip_random	3992
c22	1	chinese_text	2613
g15	1	proba80	9403
g15	1	proba50	4989
g15	1	proba14	2675
g15	1	proba02	2360
g15	1	bell_s10	2959
g15	1	bell_s30	2084
g15	1	bell_s80	2821
g15	1	uniform	4086
g15	1	english	3107
g15	1	zipfian	2495
g15	1	sparse_4	50964
g15	1	sparse_16	58703
g15	1	geometric	4821
g15	1	two_sym_eq	28388
g15	1	two_sym_90/10	28659
g15	1	flat_M3	18138
g15	1	flat_M5	13413
g15	1	flat_M6	11103
g15	1	flat_M7	5363
g15	1	html_wiki	2176
g15	1	prose_pride	2499
g15	1	image_jpeg	2699
g15	1	json_api	2437
g15	1	source_c	2625
g15	1	log_apache	2341
g15	1	dna_fasta	3732
g15	1	csv_numeric	3378
g15	1	gzip_random	4099
g15	1	chinese_text	2445
c17	2	proba80	9401
c17	2	proba50	5050
c17	2	proba14	2767
c17	2	proba02	2583
c17	2	bell_s10	3198
c17	2	bell_s30	2409
c17	2	bell_s80	2946
c17	2	uniform	4068
c17	2	english	3321
c17	2	zipfian	2666
c17	2	sparse_4	47393
c17	2	sparse_16	44104
c17	2	geometric	5016
c17	2	two_sym_eq	26174
c17	2	two_sym_90/10	26346
c17	2	flat_M3	23367
c17	2	flat_M5	27934
c17	2	flat_M6	21162
c17	2	flat_M7	5071
c17	2	html_wiki	2455
c17	2	prose_pride	2638
c17	2	image_jpeg	2847
c17	2	json_api	2590
c17	2	source_c	2893
c17	2	log_apache	2549
c17	2	dna_fasta	3844
c17	2	csv_numeric	3559
c17	2	gzip_random	4085
c17	2	chinese_text	2621
c22	2	proba80	9449
c22	2	proba50	5051
c22	2	proba14	2830
c22	2	proba02	2619
c22	2	bell_s10	3156
c22	2	bell_s30	2359
c22	2	bell_s80	2945
c22	2	uniform	4115
c22	2	english	3350
c22	2	zipfian	2656
c22	2	sparse_4	53704
c22	2	sparse_16	52858
c22	2	geometric	5062
c22	2	two_sym_eq	26174
c22	2	two_sym_90/10	26116
c22	2	flat_M3	28397
c22	2	flat_M5	28188
c22	2	flat_M6	23179
c22	2	flat_M7	5024
c22	2	html_wiki	2428
c22	2	prose_pride	2656
c22	2	image_jpeg	2772
c22	2	json_api	2616
c22	2	source_c	2892
c22	2	log_apache	2517
c22	2	dna_fasta	3837
c22	2	csv_numeric	3572
c22	2	gzip_random	4126
c22	2	chinese_text	2583
g15	2	proba80	9353
g15	2	proba50	4877
g15	2	proba14	2659
g15	2	proba02	2380
g15	2	bell_s10	2984
g15	2	bell_s30	2104
g15	2	bell_s80	2826
g15	2	uniform	4083
g15	2	english	3067
g15	2	zipfian	2492
g15	2	sparse_4	50933
g15	2	sparse_16	58621
g15	2	geometric	4792
g15	2	two_sym_eq	28562
g15	2	two_sym_90/10	28121
g15	2	flat_M3	18102
g15	2	flat_M5	13437
g15	2	flat_M6	11095
g15	2	flat_M7	5351
g15	2	html_wiki	2209
g15	2	prose_pride	2416
g15	2	image_jpeg	2685
g15	2	json_api	2444
g15	2	source_c	2557
g15	2	log_apache	2334
g15	2	dna_fasta	3718
g15	2	csv_numeric	3319
g15	2	gzip_random	4101
g15	2	chinese_text	2434
c17	3	proba80	9470
c17	3	proba50	5028
c17	3	proba14	2859
c17	3	proba02	2624
c17	3	bell_s10	3191
c17	3	bell_s30	2436
c17	3	bell_s80	2921
c17	3	uniform	4073
c17	3	english	3310
c17	3	zipfian	2642
c17	3	sparse_4	48100
c17	3	sparse_16	46142
c17	3	geometric	5021
c17	3	two_sym_eq	26108
c17	3	two_sym_90/10	25622
c17	3	flat_M3	23471
c17	3	flat_M5	27378
c17	3	flat_M6	21125
c17	3	flat_M7	4955
c17	3	html_wiki	2449
c17	3	prose_pride	2617
c17	3	image_jpeg	2813
c17	3	json_api	2588
c17	3	source_c	2880
c17	3	log_apache	2536
c17	3	dna_fasta	3823
c17	3	csv_numeric	3566
c17	3	gzip_random	4057
c17	3	chinese_text	2628
c22	3	proba80	9603
c22	3	proba50	5070
c22	3	proba14	2804
c22	3	proba02	2574
c22	3	bell_s10	3108
c22	3	bell_s30	2361
c22	3	bell_s80	2927
c22	3	uniform	4078
c22	3	english	3297
c22	3	zipfian	2646
c22	3	sparse_4	54120
c22	3	sparse_16	53059
c22	3	geometric	5061
c22	3	two_sym_eq	26330
c22	3	two_sym_90/10	26165
c22	3	flat_M3	28084
c22	3	flat_M5	28093
c22	3	flat_M6	23237
c22	3	flat_M7	5100
c22	3	html_wiki	2412
c22	3	prose_pride	2653
c22	3	image_jpeg	2800
c22	3	json_api	2588
c22	3	source_c	2887
c22	3	log_apache	2498
c22	3	dna_fasta	3856
c22	3	csv_numeric	3568
c22	3	gzip_random	4061
c22	3	chinese_text	2610
g15	3	proba80	9398
g15	3	proba50	4855
g15	3	proba14	2703
g15	3	proba02	2321
g15	3	bell_s10	2993
g15	3	bell_s30	2078
g15	3	bell_s80	2830
g15	3	uniform	4095
g15	3	english	3105
g15	3	zipfian	2503
g15	3	sparse_4	49696
g15	3	sparse_16	57221
g15	3	geometric	4845
g15	3	two_sym_eq	28718
g15	3	two_sym_90/10	28689
g15	3	flat_M3	18048
g15	3	flat_M5	13469
g15	3	flat_M6	11073
g15	3	flat_M7	5400
g15	3	html_wiki	2154
g15	3	prose_pride	2459
g15	3	image_jpeg	2707
g15	3	json_api	2413
g15	3	source_c	2555
g15	3	log_apache	2339
g15	3	dna_fasta	3747
g15	3	csv_numeric	3342
g15	3	gzip_random	4053
g15	3	chinese_text	2422
c17	4	proba80	9334
c17	4	proba50	5053
c17	4	proba14	2881
c17	4	proba02	2624
c17	4	bell_s10	3193
c17	4	bell_s30	2411
c17	4	bell_s80	2788
c17	4	uniform	4036
c17	4	english	3321
c17	4	zipfian	2659
c17	4	sparse_4	48321
c17	4	sparse_16	45839
c17	4	geometric	5007
c17	4	two_sym_eq	26214
c17	4	two_sym_90/10	26288
c17	4	flat_M3	23399
c17	4	flat_M5	27777
c17	4	flat_M6	21334
c17	4	flat_M7	5086
c17	4	html_wiki	2442
c17	4	prose_pride	2639
c17	4	image_jpeg	2827
c17	4	json_api	2607
c17	4	source_c	2884
c17	4	log_apache	2564
c17	4	dna_fasta	3833
c17	4	csv_numeric	3567
c17	4	gzip_random	4088
c17	4	chinese_text	2614
c22	4	proba80	9644
c22	4	proba50	5094
c22	4	proba14	2817
c22	4	proba02	2598
c22	4	bell_s10	3106
c22	4	bell_s30	2397
c22	4	bell_s80	2933
c22	4	uniform	4044
c22	4	english	3325
c22	4	zipfian	2655
c22	4	sparse_4	54225
c22	4	sparse_16	53193
c22	4	geometric	5053
c22	4	two_sym_eq	26247
c22	4	two_sym_90/10	26231
c22	4	flat_M3	28206
c22	4	flat_M5	27943
c22	4	flat_M6	23160
c22	4	flat_M7	5065
c22	4	html_wiki	2419
c22	4	prose_pride	2620
c22	4	image_jpeg	2821
c22	4	json_api	2599
c22	4	source_c	2936
c22	4	log_apache	2517
c22	4	dna_fasta	3850
c22	4	csv_numeric	3560
c22	4	gzip_random	4120
c22	4	chinese_text	2597
g15	4	proba80	9251
g15	4	proba50	4869
g15	4	proba14	2660
g15	4	proba02	2380
g15	4	bell_s10	2983
g15	4	bell_s30	2095
g15	4	bell_s80	2821
g15	4	uniform	4132
g15	4	english	3094
g15	4	zipfian	2505
g15	4	sparse_4	50534
g15	4	sparse_16	59536
g15	4	geometric	4811
g15	4	two_sym_eq	28946
g15	4	two_sym_90/10	28708
g15	4	flat_M3	18091
g15	4	flat_M5	13452
g15	4	flat_M6	10907
g15	4	flat_M7	5394
g15	4	html_wiki	2145
g15	4	prose_pride	2427
g15	4	image_jpeg	2696
g15	4	json_api	2408
g15	4	source_c	2679
g15	4	log_apache	2320
g15	4	dna_fasta	3753
g15	4	csv_numeric	3305
g15	4	gzip_random	4103
g15	4	chinese_text	2398
c17	5	proba80	9364
c17	5	proba50	5005
c17	5	proba14	2826
c17	5	proba02	2613
c17	5	bell_s10	3207
c17	5	bell_s30	2422
c17	5	bell_s80	2947
c17	5	uniform	4095
c17	5	english	3281
c17	5	zipfian	2650
c17	5	sparse_4	47798
c17	5	sparse_16	46320
c17	5	geometric	5006
c17	5	two_sym_eq	26239
c17	5	two_sym_90/10	26698
c17	5	flat_M3	23804
c17	5	flat_M5	27423
c17	5	flat_M6	21109
c17	5	flat_M7	5095
c17	5	html_wiki	2450
c17	5	prose_pride	2642
c17	5	image_jpeg	2818
c17	5	json_api	2598
c17	5	source_c	2878
c17	5	log_apache	2562
c17	5	dna_fasta	3839
c17	5	csv_numeric	3603
c17	5	gzip_random	4162
c17	5	chinese_text	2627
c22	5	proba80	9564
c22	5	proba50	5176
c22	5	proba14	2827
c22	5	proba02	2610
c22	5	bell_s10	3136
c22	5	bell_s30	2366
c22	5	bell_s80	2929
c22	5	uniform	4133
c22	5	english	3292
c22	5	zipfian	2668
c22	5	sparse_4	54295
c22	5	sparse_16	52759
c22	5	geometric	5105
c22	5	two_sym_eq	25899
c22	5	two_sym_90/10	26429
c22	5	flat_M3	28388
c22	5	flat_M5	28225
c22	5	flat_M6	23211
c22	5	flat_M7	5096
c22	5	html_wiki	2419
c22	5	prose_pride	2637
c22	5	image_jpeg	2796
c22	5	json_api	2589
c22	5	source_c	2884
c22	5	log_apache	2519
c22	5	dna_fasta	3850
c22	5	csv_numeric	3543
c22	5	gzip_random	4114
c22	5	chinese_text	2591
g15	5	proba80	9412
g15	5	proba50	4872
g15	5	proba14	2669
g15	5	proba02	2370
g15	5	bell_s10	2994
g15	5	bell_s30	2115
g15	5	bell_s80	2834
g15	5	uniform	4113
g15	5	english	3096
g15	5	zipfian	2488
g15	5	sparse_4	51119
g15	5	sparse_16	60393
g15	5	geometric	4817
g15	5	two_sym_eq	28302
g15	5	two_sym_90/10	28388
g15	5	flat_M3	18165
g15	5	flat_M5	13469
g15	5	flat_M6	11114
g15	5	flat_M7	5295
g15	5	html_wiki	2156
g15	5	prose_pride	2414
g15	5	image_jpeg	2676
g15	5	json_api	2417
g15	5	source_c	2634
g15	5	log_apache	2297
g15	5	dna_fasta	3765
g15	5	csv_numeric	3287
g15	5	gzip_random	4122
g15	5	chinese_text	2432
