dataset,H,Lbar,naive_nodes,naive_ops,flat_nodes,flat_ops,full_nodes,full_ops
proba80,0.905,1.251,5,1.251,5,1.251,5,1.251
english,4.226,4.248,29,4.248,21,3.700,15,3.012
html_wiki,5.472,5.629,196,5.629,34,4.407,30,4.036
prose_pride,4.531,4.596,95,4.596,33,3.896,31,3.865
image_jpeg,7.890,7.920,255,7.920,35,4.443,31,3.574
json_api,5.199,5.240,97,5.240,39,4.564,31,4.130
dna_fasta,2.081,2.266,37,2.266,15,2.265,13,2.265
chinese_text,5.795,5.951,149,5.951,33,4.662,25,3.968
calgary_pic,1.189,1.676,158,1.676,20,1.489,18,1.475
